Version,Version_Season,Season,Advantage_Id,Advantage_Type,Clue_Details,Location_Found,Conditions,Season Advantage ID
US,US11,11,1,Preventative Hidden Immunity Idol,Found without clue,Found around camp,Play before votes are cast,US111
US,US12,12,1,Super Idol,Found on Exile,Advantage from Exile,Play after votes are read; Valid until F4,US121
US,US13,13,1,Super Idol,Found on Exile,Advantage from Exile,Play after votes are read; Valid until F4,US131
US,US14,14,1,Hidden Immunity Idol,Found on Exile,Found around camp,nan,US141
US,US14,14,2,Hidden Immunity Idol,Someone shared the clue,Found around camp,nan,US142
US,US14,14,3,Hidden Immunity Idol,Someone shared the clue,Found around camp,nan,US143
US,US15,15,1,Hidden Immunity Idol,Someone shared the clue,Found around camp,nan,US151
US,US15,15,2,Hidden Immunity Idol,Someone shared the clue,Found around camp,nan,US152
US,US16,16,1,Hidden Immunity Idol,Found on Exile,Advantage from Exile,nan,US161
US,US16,16,2,Hidden Immunity Idol,Found on Exile,Advantage from Exile,nan,US162
US,US16,16,3,Hidden Immunity Idol,Found on Exile,Found around camp,nan,US163
US,US17,17,1,Hidden Immunity Idol,Found on Exile,Advantage from Exile,Valid until F6,US171
US,US17,17,2,Hidden Immunity Idol,Found at reward,Found at reward,Valid until F6,US172
US,US18,18,1,Hidden Immunity Idol,Found on Exile,Found around camp,Valid until F6,US181
US,US18,18,2,Hidden Immunity Idol,Found on Exile,Found around camp,Valid until F6,US182
US,US19,19,1,Hidden Immunity Idol,Found without clue,Found around camp,Valid until F6,US191
US,US19,19,2,Hidden Immunity Idol,Found without clue,Found around camp,Valid until F6,US192
US,US19,19,3,Hidden Immunity Idol,Found without clue,Found around camp,Valid until F6,US193
US,US19,19,4,Hidden Immunity Idol,Found at reward,Found around camp,Valid until F6,US194
US,US20,20,1,Hidden Immunity Idol,Found at reward,Found around camp,Valid until F6,US201
US,US20,20,2,Hidden Immunity Idol,Found at reward,Found around camp,Valid until F6,US202
US,US20,20,3,Hidden Immunity Idol,Found at reward,Found around camp,Valid until F6,US203
US,US20,20,4,Hidden Immunity Idol,Found at reward,Found around camp,Valid until F6,US204
US,US20,20,5,Hidden Immunity Idol,Someone shared the clue,Found around camp,Valid until F6,US205
US,US20,20,6,Hidden Immunity Idol,Found at reward,Found around camp,Valid until F6,US206
US,US21,21,1,Hidden Immunity Idol,Someone shared the clue,Found around camp,Valid until F6,US211
US,US21,21,2,Hidden Immunity Idol,Found at reward,Found around camp,Valid until F6,US212
US,US22,22,1,Hidden Immunity Idol,Found without clue,Found around camp,nan,US221
US,US22,22,2,Hidden Immunity Idol,Found without clue,Found around camp,nan,US222
US,US22,22,3,Hidden Immunity Idol,Found at reward,Found around camp,nan,US223
US,US23,23,1,Hidden Immunity Idol,Found without clue,Found around camp,nan,US231
US,US23,23,2,Hidden Immunity Idol,Someone shared the clue,Found around camp,nan,US232
US,US24,24,1,Hidden Immunity Idol,Found without clue,Found around camp,Idol was tribe-specific,US241
US,US24,24,2,Hidden Immunity Idol,Found without clue,Found around camp,nan,US242
US,US24,24,3,Hidden Immunity Idol,Found at reward,Found around camp,nan,US243
US,US25,25,1,Hidden Immunity Idol,Found around camp,Found around camp,nan,US251
US,US25,25,2,Hidden Immunity Idol,Someone shared the clue,Found around camp,nan,US252
US,US25,25,3,Hidden Immunity Idol,Found without clue,Found around camp,nan,US253
US,US26,26,1,Hidden Immunity Idol,Found without clue,Found around camp,nan,US261
US,US26,26,2,Hidden Immunity Idol,Found without clue,Found around camp,nan,US262
US,US26,26,3,Hidden Immunity Idol,Found without clue,Found around camp,nan,US263
US,US26,26,4,Hidden Immunity Idol,Found without clue,Found around camp,nan,US264
US,US26,26,5,Hidden Immunity Idol,Found at reward,Found around camp,nan,US265
US,US27,27,1,Hidden Immunity Idol,Someone shared the clue,Found around camp,nan,US271
US,US27,27,2,Hidden Immunity Idol,Someone shared the clue,Found around camp,nan,US272
US,US28,28,1,Hidden Immunity Idol,Got clue from a morale dilemma,Found around camp,nan,US281
US,US28,28,2,Hidden Immunity Idol,Found at reward,Found around camp,nan,US282
US,US28,28,3,Hidden Immunity Idol,Found without clue,Found around camp,nan,US283
US,US28,28,4,Hidden Immunity Idol,Found at reward,Found around camp,nan,US284
US,US28,28,5,Super Idol,Found without clue,Found around camp,Play after votes are read; Valid until F5,US285
US,US28,28,6,Hidden Immunity Idol,Got clue at auction,Found around camp,nan,US286
US,US29,29,1,Hidden Immunity Idol,Someone shared the clue,Found around camp,nan,US291
US,US29,29,2,Hidden Immunity Idol,Found on Exile,Found around camp,nan,US292
US,US29,29,3,Hidden Immunity Idol,Found on Exile,Advantage from Exile,nan,US293
US,US29,29,4,Hidden Immunity Idol,Someone shared the clue,Found around camp,nan,US294
US,US29,29,5,Hidden Immunity Idol,Found on Exile,Found around camp,nan,US295
US,US30,30,1,Hidden Immunity Idol,Found without clue,Found around camp,nan,US301
US,US30,30,2,Hidden Immunity Idol,Found without clue,Found around camp,nan,US302
US,US30,30,3,Hidden Immunity Idol,Found in challenge,Found around camp,nan,US303
US,US30,30,4,Extra Vote,No clue existed,Bought at Survivor Auction,Valid until F5,US304
US,US31,31,1,Hidden Immunity Idol,Found around camp,Found in challenge,nan,US311
US,US31,31,2,Hidden Immunity Idol,Found around camp,Found in challenge,nan,US312
US,US31,31,3,Hidden Immunity Idol,Found around camp,Found around camp,nan,US313
US,US31,31,4,Steal a Vote,No clue existed,Won at challenge,Non-transferrable,US314
US,US31,31,5,Hidden Immunity Idol,Found in challenge,Found around camp,nan,US315
US,US32,32,1,Hidden Immunity Idol,Found around camp,Found around camp,"Part of a Super Idol that when combined with another, could be used after votes are read; Valid until F5",US321
US,US32,32,2,Hidden Immunity Idol,Found around camp,Found around camp,"Part of a Super Idol that when combined with another, could be used after votes are read; Valid until F5",US322
US,US32,32,3,Hidden Immunity Idol,Found without clue,Found around camp,nan,US323
US,US32,32,4,Extra Vote,No clue existed,Won at challenge,Valid until F5,US324
US,US33,33,1,Hidden Immunity Idol,Found without clue,Found in challenge,Could only be played Day 36 or after,US331
US,US33,33,2,Hidden Immunity Idol,Found without clue,Found around camp,nan,US332
US,US33,33,3,Hidden Immunity Idol,Found around camp,Found around camp,nan,US333
US,US33,33,4,Hidden Immunity Idol,Found without clue,Found around camp,nan,US334
US,US33,33,5,Hidden Immunity Idol,Found without clue,Found around camp,nan,US335
US,US33,33,6,Reward Stealer,No clue existed,Found around camp,Seemingly no conditions,US336
US,US33,33,7,Hidden Immunity Idol,Found without clue,Found around camp,nan,US337
US,US34,34,1,Hidden Immunity Idol,No clue existed,Found in challenge,Legacy advantage; could only be used when there were 13 or 6 people left in game.,US341
US,US34,34,2,Hidden Immunity Idol,Found around camp,Found in challenge,nan,US342
US,US34,34,3,Hidden Immunity Idol,Found without clue,Found around camp,nan,US343
US,US34,34,4,Hidden Immunity Idol,Found without clue,Found around camp,nan,US344
US,US34,34,5,Extra Vote,No clue existed,Received on Exile,Chosen from Advantage Menu,US345
US,US34,34,6,Hidden Immunity Idol,Found around camp,Found around camp,nan,US346
US,US34,34,7,Hidden Immunity Idol,Found without clue,Found around camp,nan,US347
US,US34,34,8,Steal a Vote,No clue existed,Won at challenge,Non-transferrable,US348
US,US35,35,1,Super Idol,No clue existed,Found in challenge,Play after votes are read; could only be used at the first TC,US351
US,US35,35,2,Hidden Immunity Idol,Found around camp,Found around camp,Valid until F5,US352
US,US35,35,3,Vote Blocker,No clue existed,Found at reward,Must be used at next Tribal Council,US353
US,US35,35,4,Hidden Immunity Idol,Found without clue,Found around camp,Valid until F5,US354
US,US35,35,5,Hidden Immunity Idol,Found around camp,Found around camp,Valid until F5,US355
US,US35,35,6,Extra Vote,No clue existed,Found at reward,Abstain from one vote before use,US356
US,US35,35,7,Hidden Immunity Idol,Found at reward,Found around camp,Valid until F5,US357
US,US35,35,8,Hidden Immunity Idol,Found around camp,Found around camp,Valid until F5,US358
US,US35,35,9,Hidden Immunity Idol Half,No clue existed,Found around camp,"Was only half of an idol; had to find the other half at a challenge, which she did",US359
US,US35,35,10,Hidden Immunity Idol,Found around camp,Found around camp,Valid until F5,US3510
US,US35,35,11,Hidden Immunity Idol,Found without clue,Found around camp,Valid until F5,US3511
US,US35,35,12,Hidden Immunity Idol Half,Found around camp,Found in challenge,"Was half of the idol, that was found at challenge.",US3512
US,US36,36,4,Extra Vote,No clue existed,Won on Ghost Island,nan,US364
US,US36,36,10,Extra Vote,No clue existed,Won on Ghost Island,nan,US3610
US,US36,36,1,Hidden Immunity Idol,No clue existed,Advantage from Ghost Island,Legacy advantage; only good at 13 and 6 people left.,US361
US,US36,36,2,Hidden Immunity Idol,Found without clue,Found around camp,Valid until F5,US362
US,US36,36,3,Hidden Immunity Idol,Found without clue,Found around camp,Valid until F5,US363
US,US36,36,5,Hidden Immunity Idol,Found without clue,Found around camp,Valid until F5,US365
US,US36,36,6,Hidden Immunity Idol,Found around camp,Found around camp,Valid until F5,US366
US,US36,36,7,Hidden Immunity Idol,Found around camp,Advantage from Ghost Island,Only good at next Tribal Council; had the opportunity to extend its life,US367
US,US36,36,8,Hidden Immunity Idol,Found without clue,Found around camp,Valid until F5,US368
US,US36,36,9,Hidden Immunity Idol,Found without clue,Found around camp,Valid until F5,US369
US,US37,37,1,Hidden Immunity Idol,Found without clue,Found around camp,Valid until F5,US371
US,US37,37,2,Hidden Immunity Idol,Found without clue,Found around camp,Valid until F5,US372
US,US37,37,3,Idol Nullifier,Found on Exile,Found on Exile,Valid until F5,US373
US,US37,37,4,Hidden Immunity Idol,Found around camp,Found in challenge,Valid until F5,US374
US,US37,37,5,Steal a Vote,Found at reward,Found around camp,nan,US375
US,US37,37,6,Hidden Immunity Idol,Found without clue,Found around camp,Valid until F5,US376
US,US37,37,7,Hidden Immunity Idol,Found around camp,Found around camp,Valid until F5,US377
US,US37,37,8,Hidden Immunity Idol,Found around camp,Found around camp,Good only for the next tribal council,US378
US,US37,37,9,Hidden Immunity Idol,Found around camp,Found around camp,Valid until F5,US379
US,US38,38,1,Advantage Menu,No clue existed,Found in challenge,Advantage menu; good until third Tribal Council (Day 8),US381
US,US38,38,2,Hidden Immunity Idol,Found without clue,Found around camp,Valid until F5,US382
US,US38,38,3,Hidden Immunity Idol,Found without clue,Found around camp,Valid until F5,US383
US,US38,38,4,Extra Vote,Found on Edge of Exinction,Found on Edge of Extinction,Valid until F7,US384
US,US38,38,5,Hidden Immunity Idol,Found without clue,Found around camp,Valid until F5,US385
US,US38,38,6,Hidden Immunity Idol,No clue existed,Advantage from Edge of Extinction,Split idol; couldn't be used at the very next tribal council,US386
US,US38,38,7,Extra Vote,Found on Edge of Exinction,Found on Edge of Extinction,Valid until F7,US387
US,US38,38,8,Hidden Immunity Idol,Found around camp,Found around camp,Valid until F5,US388
US,US38,38,9,Hidden Immunity Idol,Found without clue,Found around camp,Valid until F5,US389
US,US38,38,10,Hidden Immunity Idol,No clue existed,Advantage from Edge of Extinction,Split idol; couldn't be used at the very next tribal council,US3810
US,US38,38,11,Hidden Immunity Idol,Found without clue,Found around camp,Valid until F5,US3811
US,US39,39,1,Hidden Immunity Idol,Found without clue,Found around camp,Valid until F5,US391
US,US39,39,2,Hidden Immunity Idol,No clue existed,Advantage from Island of the Idols,Valid for only two tribal councils,US392
US,US39,39,3,Hidden Immunity Idol,No clue existed,Advantage from Island of the Idols,Valid for only two tribal councils,US393
US,US39,39,4,Hidden Immunity Idol,Found without clue,Found around camp,Valid until F5,US394
US,US39,39,5,Vote Blocker,No clue existed,Won at challenge,Valid until F6,US395
US,US39,39,6,Hidden Immunity Idol,Found without clue,Found around camp,Valid until F5,US396
US,US39,39,7,Hidden Immunity Idol,Found without clue,Found around camp,Valid until F5,US397
US,US39,39,8,Hidden Immunity Idol,Found without clue,Found around camp,Valid until F5,US398
US,US39,39,9,Hidden Immunity Idol,Found without clue,Found around camp,Valid until F5,US399
US,US39,39,10,Hidden Immunity Idol,No clue existed,Found on Island of the Idols,Valid for only two tribal councils,US3910
US,US39,39,11,Hidden Immunity Idol,Found without clue,Found around camp,Valid until F5,US3911
US,US39,39,12,Hidden Immunity Idol,Found without clue,Found around camp,Valid until F5,US3912
US,US39,39,13,Idol Nullifier,No clue existed,Won on Islands of the Idols,Valid until F5,US3913
US,US39,39,14,Hidden Immunity Idol,Found around camp,Found around camp,Valid until F5,US3914
US,US40,40,1,Hidden Immunity Idol,No clue existed,Sent from Edge of Extinction,Valid for next three tribal councils,US401
US,US40,40,2,Hidden Immunity Idol Half,Found without clue,Found around camp,Part of a split idol; valid until F5,US402
US,US40,40,3,Hidden Immunity Idol Half,Found without clue,Found around camp,Part of a split idol; valid until F5,US403
US,US40,40,23,Hidden Immunity Idol,No clue,Activated from halves,From advantage_id 2 and 3,US4023
US,US40,40,4,Hidden Immunity Idol Half,Found without clue,Found around camp,Part of a split idol; valid until F5,US404
US,US40,40,5,Hidden Immunity Idol Half,Found without clue,Found around camp,Part of a split idol; valid until F5,US405
US,US40,40,45,Hidden Immunity Idol,No clue,Activated from halves,From advantage_id 4 and 5,US4045
US,US40,40,7,Hidden Immunity Idol Half,Found without clue,Found around camp,Part of a split idol; valid until F5,US407
US,US40,40,8,Hidden Immunity Idol Half,Found without clue,Found around camp,Part of a split idol; valid until F5,US408
US,US40,40,78,Hidden Immunity Idol,No clue,Activated from halves,From advantage_id 7 and 8,US4078
US,US40,40,10,Hidden Immunity Idol,No clue existed,Sent from Edge of Extinction,50-50 coin flip for immediate immunity,US4010
US,US40,40,11,Hidden Immunity Idol,Found without clue,Found around camp,Valid until F5,US4011
US,US40,40,12,Hidden Immunity Idol,Found without clue,Found around camp,Valid until F5,US4012
US,US40,40,13,Hidden Immunity Idol,No clue existed,Bought on Edge of Extinction,Valid until F5,US4013
US,US40,40,14,Hidden Immunity Idol,Found without clue,Found around camp,Valid until F5,US4014
US,US40,40,9,Idol Nullifier,No clue existed,Found on Edge of Extinction,Valid until F5,US409
US,US40,40,6,Steal a Vote,Found on Edge of Exinction,Found on Edge of Extinction,nan,US406
US,US41,41,1,Extra Vote,No clue existed,Shipwheel Island,Valid until F6,US411
US,US41,41,2,Extra Vote,No clue existed,Shipwheel Island,Valid until F6,US412
US,US41,41,3,Extra Vote,No clue existed,Shipwheel Island,Valid until F6,US413
US,US41,41,4,Hidden Immunity Idol,Found without clue,Found around camp,Beware advantage: all three tribal idols must be found and phrases must be said,US414
US,US41,41,5,Hidden Immunity Idol,Found without clue,Found around camp,Beware advantage: all three tribal idols must be found and phrases must be said,US415
US,US41,41,6,Steal a Vote,No clue existed,Shipwheel Island,Valid until F7,US416
US,US41,41,7,Hidden Immunity Idol,Found without clue,Found around camp,Beware advantage: all three tribal idols must be found and phrases must be said,US417
US,US41,41,8,Hidden Immunity Idol,Found without clue,Found around camp,Beware advantage: all three tribal idols must be found and phrases must be said,US418
US,US41,41,9,Knowledge is Power,No clue existed,Found around camp,nan,US419
US,US42,42,1,Amulet,No clue existed,Found in challenge,"Amulet: when in play 3) extra vote, 2) steal a vote, 1) immunity idol",US421
US,US42,42,2,Amulet,No clue existed,Found in challenge,"Amulet: when in play 3) extra vote, 2) steal a vote, 1) immunity idol",US422
US,US42,42,3,Amulet,No clue existed,Found in challenge,"Amulet: when in play 3) extra vote, 2) steal a vote, 1) immunity idol",US423
US,US42,42,4,Extra Vote,No clue existed,Shipwheel Island,nan,US424
US,US42,42,5,Extra Vote,No clue existed,Shipwheel Island,nan,US425
US,US42,42,6,Hidden Immunity Idol,Found without clue,Found around camp,Beware advantage: all three tribal idols must be found and phrases must be said,US426
US,US42,42,7,Hidden Immunity Idol,Found without clue,Found around camp,Beware advantage: all three tribal idols must be found and phrases must be said,US427
US,US42,42,8,Idol Nullifier,Found without clue,Found around camp,nan,US428
US,US42,42,9,Hidden Immunity Idol,Found without clue,Found around camp,Beware advantage: all three tribal idols must be found and phrases must be said,US429
US,US42,42,10,Knowledge is Power,Found in challenge,Found around camp,Beware advantage: had to be retrieved from a pool of red paint and risk getting 'caught red handed',US4210
US,US42,42,11,Hidden Immunity Idol,Found without clue,Found around camp,Valid until F5,US4211
US,US43,43,1,Hidden Immunity Idol,No clue existed,At challenge or reward,Risk rock; Valid for the first 2 tribals,US431
US,US43,43,2,Hidden Immunity Idol,No clue existed,Found around camp,Beware Advantage: Convince everyone in the tribe to give you their beads; Lost your vote,US432
US,US43,43,3,Hidden Immunity Idol,No clue existed,Found around camp,Beware Advantage: Convince everyone in the tribe to give you their beads; Lost your vote,US433
US,US43,43,4,Steal a Vote,No clue existed,At challenge or reward,Risk rock,US434
US,US43,43,5,Hidden Immunity Idol,No clue existed,Found around camp,Beware Advantage: Convince everyone in the tribe to give you their beads; Lost your vote,US435
US,US43,43,6,Knowledge is Power,No clue existed,At challenge or reward,Risk rock,US436
US,US43,43,7,Knowledge is Power,Clue found around camp,Found around camp,nan,US437
US,US43,43,8,Choose your Champion,Clue given to tribe,Found around camp,nan,US438
US,US43,43,9,Challenge Advantage,Clue found around camp,Found around camp,Advantage at final 5 challenge,US439
US,US44,44,1,Bank your Vote,No clue existed,At challenge or reward,Give up a vote in order to bank it for later,US441
US,US44,44,2,Hidden Immunity Idol,No clue existed,Found around camp,nan,US442
US,US44,44,3,Inheritance Advantage,No clue existed,At challenge or reward,nan,US443
US,US44,44,4,Hidden Immunity Idol,No clue existed,Found around camp,nan,US444
US,US44,44,5,Hidden Immunity Idol,No clue existed,Found around camp,nan,US445
US,US44,44,6,Hidden Immunity Idol,No clue existed,Found around camp,nan,US446
US,US44,44,7,Hidden Immunity Idol,No clue existed,Found at Summit,Expires when all castaways are living on the same beach,US447
US,US44,44,8,Hidden Immunity Idol,No clue existed,Found at Summit,Expires when all castaways are living on the same beach,US448
US,US44,44,9,Hidden Immunity Idol,No clue existed,Found at Summit,Expires when all castaways are living on the same beach,US449
US,US44,44,10,Control the Vote,No clue existed,At challenge or reward,Expires after next tribal,US4410
US,US44,44,11,Hidden Immunity Idol,No clue existed,Found around camp,Last time to use it is at Final 5,US4411
US,US45,45,1,Hidden Immunity Idol,No clue,Found around camp,"Beware advantage: No vote until complete; The Idol only has power for one Tribal Council, but the wielder can sacrifice one vote to extend the power as far as the merge, and a second vote to extend the power as far as the final five",US451
US,US45,45,2,Hidden Immunity Idol,No clue,Found around camp,"Beware advantage: No vote until complete; The Idol only has power for one Tribal Council, but the wielder can sacrifice one vote to extend the power as far as the merge, and a second vote to extend the power as far as the final five",US452
US,US45,45,3,Safety without Power,No clue,Won in challenge,nan,US453
US,US45,45,4,Goodwill Advantage,No clue,Given to by another player,nan,US454
US,US45,45,5,Amulet,No clue,Journey,Good until F6,US455
US,US45,45,6,Amulet,No clue,Journey,Good until F6,US456
US,US45,45,7,Amulet,No clue,Journey,Good until F6,US457
US,US45,45,8,Hidden Immunity Idol,No clue,Found around camp,"Beware advantage: No vote until complete; The Idol only has power for one Tribal Council, but the wielder can sacrifice one vote to extend the power as far as the merge, and a second vote to extend the power as far as the final five",US458
US,US45,45,9,Hidden Immunity Idol,Found around camp,Found around camp,nan,US459
US,US45,45,10,Challenge Advantage,No clue,Won in challenge,Valid for the next immunity challenge,US4510
US,US46,46,1,Hidden Immunity Idol,No clue,Found around camp,Beware advantage,US461
US,US46,46,2,Extra Vote,No clue,On Summit journey,nan,US462
US,US46,46,3,Extra Vote,No clue,On Summit journey,nan,US463
US,US46,46,4,Hidden Immunity Idol,No clue,Found around camp,Beware advantage,US464
US,US46,46,5,Hidden Immunity Idol,No clue,Found around camp,Beware advantage,US465
US,US46,46,6,Hidden Immunity Idol,No clue,Found around camp,Beware advantage,US466
US,US46,46,7,Hidden Immunity Idol,No clue,Found around camp,nan,US467
US,US46,46,8,Hidden Immunity Idol,No clue,Found around camp,nan,US468
US,US47,47,1,Hidden Immunity Idol,No clue existed,Found around camp,"Beware advantage, good for three tribal councils",US471
US,US47,47,2,Hidden Immunity Idol,No clue existed,Found around camp,"Beware advantage, good for three tribal councils",US472
US,US47,47,3,Hidden Immunity Idol,No clue existed,Found around camp,"Beware advantage, good for one tribal council",US473
US,US47,47,4,Steal a Vote,No clue existed,Won on journey,nan,US474
US,US47,47,5,Amulet,No clue existed,Won on journey,All amulets in the game need to be played together to form a hidden immunity idol,US475
US,US47,47,6,Amulet,No clue existed,Won on journey,All amulets in the game need to be played together to form a hidden immunity idol,US476
US,US47,47,7,Amulet,No clue existed,Won on journey,All amulets in the game need to be played together to form a hidden immunity idol,US477
US,US47,47,8,Hidden Immunity Idol,No clue existed,Found around camp,Good until the final 5,US478
US,US47,47,9,Challenge Advantage,No clue existed,Found around camp,Advantage in the next challenge. Free pass to the second stage.,US479
US,US47,47,10,Hidden Immunity Idol,No clue existed,Created when the three amulets were used together,nan,US4710
US,US47,47,11,Safety without Power,No clue existed,At reward,Whoever found the advantage had to choose to give either Safety Without Power to someone on the other tribe or take someones vote,US4711
US,US47,47,12,Hidden Immunity Idol,Clue found at reward,Found around camp,nan,US4712
US,US47,47,13,Block a Vote,No clue existed,Won on journey,Allows the player to block someones elses vote,US4713
US,US48,48,1,Hidden Immunity Idol,No clue,Found around camp,Beware advantage,US481
US,US48,48,2,Hidden Immunity Idol,No clue,Found around camp,Beware advantage,US482
US,US48,48,3,Hidden Immunity Idol,No clue,Found around camp,Beware advantage,US483
US,US48,48,4,Block a Vote,No clue,Found on Journey,nan,US484
US,US48,48,5,Steal a Vote,No clue,Found on Journey,nan,US485
US,US48,48,6,Extra Vote,No clue,Found on Journey,nan,US486
US,US48,48,7,Challenge Advantage,No clue,Found around camp,To be used at the next challenge; Skip the first stage,US487
US,US48,48,8,Safety without Power,Found at reward,Found on other side of island,Can only be used on yourself; Last time it can be used is at the final 7 tribal council,US488
US,US48,48,9,Challenge Advantage,No clue,Found around camp,An advantage for the next challenge,US489
